{
  "timestamp": "20251126_060326",
  "test_accuracy": 0.9162861491628614,
  "test_loss": 0.2532296662795402,
  "best_val_accuracy": 0.939117199391172,
  "hyperparameters": {
    "max_length": 512,
    "batch_size": 16,
    "learning_rate": 2e-05,
    "epochs": 16,
    "dropout": 0.3
  },
  "data_info": {
    "total_samples": 6567,
    "train_samples": 5253,
    "val_samples": 657,
    "test_samples": 657
  },
  "model_name": "skt/kobert-base-v1"
}